{
  "properties": {
    "connectionReferences": {
      "shared_commondataserviceforapps": {
        "runtimeSource": "embedded",
        "connection": {
          "connectionReferenceLogicalName": "tfl_TFLDataVerseConnectionReference"
        },
        "api": {
          "name": "shared_commondataserviceforapps"
        }
      }
    },
    "definition": {
      "$schema": "https://schema.management.azure.com/providers/Microsoft.Logic/schemas/2016-06-01/workflowdefinition.json#",
      "contentVersion": "1.0.0.0",
      "parameters": {
        "$connections": {
          "defaultValue": {},
          "type": "Object"
        },
        "$authentication": {
          "defaultValue": {},
          "type": "SecureObject"
        }
      },
      "triggers": {
        "When_create_follow_up_activity": {
          "metadata": {
            "operationMetadataId": "876a07e1-42ec-4488-b93e-3c2d1065f326"
          },
          "type": "OpenApiConnectionWebhook",
          "inputs": {
            "host": {
              "connectionName": "shared_commondataserviceforapps",
              "operationId": "SubscribeWebhookTrigger",
              "apiId": "/providers/Microsoft.PowerApps/apis/shared_commondataserviceforapps"
            },
            "parameters": {
              "subscriptionRequest/message": 3,
              "subscriptionRequest/entityname": "incident",
              "subscriptionRequest/scope": 4,
              "subscriptionRequest/filteringattributes": "tfl_createfollowupactivity",
              "subscriptionRequest/filterexpression": "tfl_createfollowupactivity eq true"
            },
            "authentication": "@parameters('$authentication')"
          }
        }
      },
      "actions": {
        "Fetch_all_attachments_related_to_case": {
          "runAfter": {
            "Initialize_teamId": [
              "Succeeded"
            ]
          },
          "metadata": {
            "operationMetadataId": "2ad7f50b-27fc-4b49-8fe3-e021b19ca81e"
          },
          "type": "OpenApiConnection",
          "inputs": {
            "host": {
              "connectionName": "shared_commondataserviceforapps",
              "operationId": "ListRecords",
              "apiId": "/providers/Microsoft.PowerApps/apis/shared_commondataserviceforapps"
            },
            "parameters": {
              "entityName": "annotations",
              "$filter": "_objectid_value eq @{triggerOutputs()?['body/incidentid']} and isdocument eq true"
            },
            "authentication": "@parameters('$authentication')"
          }
        },
        "Initialize_teamId": {
          "runAfter": {},
          "metadata": {
            "operationMetadataId": "b121b4d9-f46a-4dc5-8c61-660067d7200a"
          },
          "type": "InitializeVariable",
          "inputs": {
            "variables": [
              {
                "name": "teamId",
                "type": "string"
              }
            ]
          }
        },
        "Fetch_all_attachments_related_to_contact": {
          "runAfter": {
            "Fetch_all_attachments_related_to_case": [
              "Succeeded"
            ]
          },
          "metadata": {
            "operationMetadataId": "39a6b947-1cd9-4de3-b7c2-918646503a6b"
          },
          "type": "OpenApiConnection",
          "inputs": {
            "host": {
              "connectionName": "shared_commondataserviceforapps",
              "operationId": "ListRecords",
              "apiId": "/providers/Microsoft.PowerApps/apis/shared_commondataserviceforapps"
            },
            "parameters": {
              "entityName": "annotations",
              "$filter": "_objectid_value eq @{triggerOutputs()?['body/_customerid_value']} and isdocument eq true"
            },
            "authentication": "@parameters('$authentication')"
          }
        },
        "Create_Follow_up_activity": {
          "runAfter": {
            "If_Case_Classification_is_confidential": [
              "Succeeded"
            ]
          },
          "metadata": {
            "operationMetadataId": "c64eb9b1-4fde-4820-8982-1bd72fbcad68"
          },
          "type": "OpenApiConnection",
          "inputs": {
            "host": {
              "connectionName": "shared_commondataserviceforapps",
              "operationId": "CreateRecord",
              "apiId": "/providers/Microsoft.PowerApps/apis/shared_commondataserviceforapps"
            },
            "parameters": {
              "entityName": "tfl_followuprequests",
              "item/subject": "Follow Up Request @{triggerOutputs()?['body/ticketnumber']}",
              "item/ownerid_tfl_followuprequest@odata.bind": "@variables('teamId')",
              "item/regardingobjectid_incident_tfl_followuprequest@odata.bind": "/incidents(@{triggerOutputs()?['body/incidentid']})"
            },
            "authentication": "@parameters('$authentication')"
          }
        },
        "If_Case_Classification_is_confidential": {
          "actions": {
            "Set_Confidential_Team_id": {
              "runAfter": {},
              "metadata": {
                "operationMetadataId": "3c1d00a2-ac35-4adb-9414-4b37fd7cdf0b"
              },
              "type": "SetVariable",
              "inputs": {
                "name": "teamId",
                "value": "/teams(38117f20-0952-ee11-be6f-000d3a0aa7bd)"
              }
            }
          },
          "runAfter": {
            "Fetch_all_attachments_related_to_contact": [
              "Succeeded"
            ]
          },
          "else": {
            "actions": {
              "Set_Escalation_Team_id": {
                "runAfter": {},
                "metadata": {
                  "operationMetadataId": "9bd1cadb-4547-4e3b-8b78-5b0faf3c5efc"
                },
                "type": "SetVariable",
                "inputs": {
                  "name": "teamId",
                  "value": "/teams(35823505-0952-ee11-be6f-000d3a0aa7bd)"
                }
              }
            }
          },
          "expression": {
            "equals": [
              "@triggerOutputs()?['body/tfl_caseclassification']",
              228120001
            ]
          },
          "metadata": {
            "operationMetadataId": "0adc2ba2-b15c-4e64-89d0-26c2fd825a31"
          },
          "type": "If"
        },
        "Iterate_through_each_notes_contact": {
          "foreach": "@outputs('Fetch_all_attachments_related_to_contact')?['body/value']",
          "actions": {
            "Create_Contact_Notes": {
              "runAfter": {},
              "metadata": {
                "operationMetadataId": "b89772ea-2898-4f09-a88f-2669cff93870"
              },
              "type": "OpenApiConnection",
              "inputs": {
                "host": {
                  "connectionName": "shared_commondataserviceforapps",
                  "operationId": "CreateRecord",
                  "apiId": "/providers/Microsoft.PowerApps/apis/shared_commondataserviceforapps"
                },
                "parameters": {
                  "entityName": "annotations",
                  "item/subject": "@items('Iterate_through_each_notes_contact')?['subject']",
                  "item/notetext": "@items('Iterate_through_each_notes_contact')?['notetext']",
                  "item/isdocument": true,
                  "item/documentbody": "@items('Iterate_through_each_notes_contact')?['documentbody']",
                  "item/filename": "@items('Iterate_through_each_notes_contact')?['filename']",
                  "item/mimetype": "@items('Iterate_through_each_notes_contact')?['mimetype']",
                  "item/ownerid@odata.bind": "@variables('teamId')",
                  "item/objectid_tfl_followuprequest@odata.bind": "@outputs('Create_Follow_up_activity')?['body/@odata.id']"
                },
                "authentication": "@parameters('$authentication')"
              }
            }
          },
          "runAfter": {
            "Update_Case_Escalated_flag": [
              "Succeeded"
            ]
          },
          "metadata": {
            "operationMetadataId": "997ac0d0-bced-4293-a9d9-38a524e57682"
          },
          "type": "Foreach"
        },
        "Iterate_through_each_notes_cases": {
          "foreach": "@outputs('Fetch_all_attachments_related_to_case')?['body/value']",
          "actions": {
            "Create_Case_Notes": {
              "runAfter": {},
              "metadata": {
                "operationMetadataId": "dcf64426-fc0b-4b4a-a6f4-a3171ca08802"
              },
              "type": "OpenApiConnection",
              "inputs": {
                "host": {
                  "connectionName": "shared_commondataserviceforapps",
                  "operationId": "CreateRecord",
                  "apiId": "/providers/Microsoft.PowerApps/apis/shared_commondataserviceforapps"
                },
                "parameters": {
                  "entityName": "annotations",
                  "item/subject": "@items('Iterate_through_each_notes_cases')?['subject']",
                  "item/notetext": "@items('Iterate_through_each_notes_cases')?['notetext']",
                  "item/isdocument": true,
                  "item/documentbody": "@items('Iterate_through_each_notes_cases')?['documentbody']",
                  "item/filename": "@items('Iterate_through_each_notes_cases')?['filename']",
                  "item/mimetype": "@items('Iterate_through_each_notes_cases')?['mimetype']",
                  "item/ownerid@odata.bind": "@variables('teamId')",
                  "item/objectid_tfl_followuprequest@odata.bind": "@outputs('Create_Follow_up_activity')?['body/@odata.id']"
                },
                "authentication": "@parameters('$authentication')"
              }
            }
          },
          "runAfter": {
            "Iterate_through_each_notes_contact": [
              "Succeeded"
            ]
          },
          "metadata": {
            "operationMetadataId": "97b416ff-3ae7-4594-a644-1f6b5293a6c0"
          },
          "type": "Foreach"
        },
        "Fetch_the_BPF": {
          "runAfter": {
            "Iterate_through_each_notes_cases": [
              "Succeeded"
            ]
          },
          "metadata": {
            "operationMetadataId": "a1400929-b1dd-48d1-b3f4-8b81d1636048"
          },
          "type": "OpenApiConnection",
          "inputs": {
            "host": {
              "connectionName": "shared_commondataserviceforapps",
              "operationId": "ListRecords",
              "apiId": "/providers/Microsoft.PowerApps/apis/shared_commondataserviceforapps"
            },
            "parameters": {
              "entityName": "tfl_case_customerserviceprocesses",
              "$filter": "_bpf_incidentid_value eq @{triggerOutputs()?['body/incidentid']}"
            },
            "authentication": "@parameters('$authentication')"
          }
        },
        "Apply_to_each": {
          "foreach": "@outputs('Fetch_the_BPF')?['body/value']",
          "actions": {
            "Update_the_BPF_Stage_to_Follow_Up": {
              "runAfter": {},
              "metadata": {
                "operationMetadataId": "41ecfd9a-24b8-4c3a-8664-a0aacd43df12"
              },
              "type": "OpenApiConnection",
              "inputs": {
                "host": {
                  "connectionName": "shared_commondataserviceforapps",
                  "operationId": "UpdateRecord",
                  "apiId": "/providers/Microsoft.PowerApps/apis/shared_commondataserviceforapps"
                },
                "parameters": {
                  "entityName": "tfl_case_customerserviceprocesses",
                  "recordId": "@items('Apply_to_each')?['businessprocessflowinstanceid']",
                  "item/activestageid@odata.bind": "/processstages(25D21ED3-AB59-40D0-B6A2-D023C9BE9856)"
                },
                "authentication": "@parameters('$authentication')"
              }
            }
          },
          "runAfter": {
            "Fetch_the_BPF": [
              "Succeeded"
            ]
          },
          "metadata": {
            "operationMetadataId": "62a83de9-49ca-4dd6-9114-1096de75a721"
          },
          "type": "Foreach"
        },
        "Update_Case_Escalated_flag": {
          "runAfter": {
            "Create_Follow_up_activity": [
              "Succeeded"
            ]
          },
          "metadata": {
            "operationMetadataId": "5c7d13e8-1019-4a70-b257-f53da4cb125b"
          },
          "type": "OpenApiConnection",
          "inputs": {
            "host": {
              "connectionName": "shared_commondataserviceforapps",
              "operationId": "UpdateRecord",
              "apiId": "/providers/Microsoft.PowerApps/apis/shared_commondataserviceforapps"
            },
            "parameters": {
              "entityName": "incidents",
              "recordId": "@triggerOutputs()?['body/incidentid']",
              "item/isescalated": true
            },
            "authentication": "@parameters('$authentication')"
          }
        }
      },
      "outputs": {}
    },
    "templateName": ""
  },
  "schemaVersion": "1.0.0.0"
}