{
  "properties": {
    "connectionReferences": {
      "shared_commondataserviceforapps": {
        "runtimeSource": "embedded",
        "connection": {
          "connectionReferenceLogicalName": "tfl_TFLDataVerseConnectionReference"
        },
        "api": {
          "name": "shared_commondataserviceforapps"
        }
      }
    },
    "definition": {
      "$schema": "https://schema.management.azure.com/providers/Microsoft.Logic/schemas/2016-06-01/workflowdefinition.json#",
      "contentVersion": "1.0.0.0",
      "parameters": {
        "$connections": {
          "defaultValue": {},
          "type": "Object"
        },
        "$authentication": {
          "defaultValue": {},
          "type": "SecureObject"
        }
      },
      "triggers": {
        "When_Case_Customer_Service_Process_active_stage_is_modified": {
          "metadata": {
            "operationMetadataId": "d42bed6a-2e83-44c2-9eb9-8a8c88865e4f"
          },
          "type": "OpenApiConnectionWebhook",
          "inputs": {
            "host": {
              "connectionName": "shared_commondataserviceforapps",
              "operationId": "SubscribeWebhookTrigger",
              "apiId": "/providers/Microsoft.PowerApps/apis/shared_commondataserviceforapps"
            },
            "parameters": {
              "subscriptionRequest/message": 3,
              "subscriptionRequest/entityname": "tfl_case_customerserviceprocess",
              "subscriptionRequest/scope": 4,
              "subscriptionRequest/filteringattributes": "activestageid",
              "subscriptionRequest/filterexpression": "_bpf_incidentid_value ne null"
            },
            "authentication": "@parameters('$authentication')"
          }
        }
      },
      "actions": {
        "Switch_Active_Stage": {
          "runAfter": {},
          "cases": {
            "Case_Resolve/Follow_Up": {
              "case": "4aa61b55-a169-4c7f-92db-28eb008d4244",
              "actions": {
                "Assign_the_Case_to_Customer_Service_Manager_Team": {
                  "runAfter": {},
                  "metadata": {
                    "operationMetadataId": "35f138c6-2ebc-4ace-b96b-74594a3b373d"
                  },
                  "type": "OpenApiConnection",
                  "inputs": {
                    "host": {
                      "connectionName": "shared_commondataserviceforapps",
                      "operationId": "UpdateRecord",
                      "apiId": "/providers/Microsoft.PowerApps/apis/shared_commondataserviceforapps"
                    },
                    "parameters": {
                      "entityName": "incidents",
                      "recordId": "@triggerOutputs()?['body/_bpf_incidentid_value']",
                      "item/ownerid@odata.bind": "/teams(d5a5862b-a651-ee11-be6f-000d3a0aa7bd)"
                    },
                    "authentication": "@parameters('$authentication')"
                  }
                }
              }
            }
          },
          "default": {
            "actions": {}
          },
          "expression": "@triggerOutputs()?['body/_activestageid_value']",
          "metadata": {
            "operationMetadataId": "5cefb546-30a0-4071-aa5b-d9ea1b95fa57"
          },
          "type": "Switch"
        }
      },
      "outputs": {}
    },
    "templateName": ""
  },
  "schemaVersion": "1.0.0.0"
}